{
  "1Y": {
    "GR01": "Neo Petritsi, Serres, Greece",
    "GR02": "Drama, Greece",
    "GR03": "Xanthi, Greece",
    "GR04": "Abdera, Greece",
    "GR05": "Maronia-Sapes, Petrota, Greece",
    "GR06": "Mavrokklisi, Greece",
    "GR07": "Mesimeri, Edessa, Greece",
    "GR09": "Rentina, Greece",
    "GR10": "Kriovrisi, Ptolemaida, Greece",
    "GR11": "Veroia, Greece",
    "GR12": "Katachas, Greece",
    "GR13": "Katsika, Petralona, Greece",
    "GR14": "Doliana, Greece",
    "GR15": "Vouvousa, Greece",
    "GR16": "Livadero, Greece",
    "GR17": "Meteora, Kalambaka, Greece",
    "GR18": "Lakeria, Greece",
    "GR19": "Marathias, Lefkimmi, Greece",
    "GR19B": "Vitalades, Lefkimmi, Greece",
    "GR20": "Itamos, Greece",
    "GR21": "Thetidio, Greece",
    "GR22": "Monastery Panagia Xenia, Sourpi, Greece",
    "GR23": "Rovies, Greece",
    "GR24": "Mousounitsa, Greece",
    "GR26": "Sagmata Monastery, Theva, Greece",
    "GR27": "Kouvelles, Euboea, Greece",
    "GR27B": "Eleochori, Euboea, Greece",
    "GR28": "Kastro, Greece",
    "GR29": "Doxa, Greece",
    "GR30": "Achladokambos, Greece",
    "GR31": "Kephalas, Greece",
    "GR32": "Zarakas, Greece",
    "GR33": "Lefktro, Greece",
    "LFKM": "Marathias, Lefkimmi, Greece",
    "MK01A": "Pelince, North Macedonia",
    "MK02A": "Popova Shapka, North Macedonia",
    "MK03A": "Opstina Kavadarci, Mrezhichko, North Macedonia",
    "MK04A": "Novo Selo, North Macedonia"
  },
  "5B": {
    "RP01": "Lambia - Greece",
    "RP02": "Katakolo - Greece",
    "RP03": "Mouratiada - Greece",
    "RP04": "Portes - Greece",
    "RP05": "Krestena - Greece",
    "RP05B": "Krestena - Greece",
    "RP06": "Koutsochera - Greece",
    "RP07": "Agios Ilias - Greece",
    "RP08": "Rizospilia - Greece"
  },
  "5S": {
    "R0050": "Icelandic Strong-motion Arrays (ICEARRAY)",
    "R0B1C": "Icelandic Strong-motion Arrays (ICEARRAY)",
    "R0DCC": "Icelandic Strong-motion Arrays (ICEARRAY)",
    "R0DF7": "Icelandic Strong-motion Arrays (ICEARRAY)",
    "R1FA2": "Icelandic Strong-motion Arrays (ICEARRAY)",
    "R21AC": "Icelandic Strong-motion Arrays (ICEARRAY)",
    "R2EBB": "RS4D-GNSS test",
    "R4267": "Icelandic Strong-motion Arrays (ICEARRAY)",
    "R488C": "Icelandic Strong-motion Arrays (ICEARRAY)",
    "R49D9": "Icelandic Strong-motion Arrays (ICEARRAY)",
    "R4A47": "Icelandic Strong-motion Arrays (ICEARRAY)",
    "R581C": "Icelandic Strong-motion Arrays (ICEARRAY)",
    "R5D95": "Icelandic Strong-motion Arrays (ICEARRAY)",
    "R689F": "Icelandic Strong-motion Arrays (ICEARRAY)",
    "R6A46": "Icelandic Strong-motion Arrays (ICEARRAY)",
    "R7B57": "Icelandic Strong-motion Arrays (ICEARRAY)",
    "R7E04": "Icelandic Strong-motion Arrays (ICEARRAY)",
    "R7EB2": "Icelandic Strong-motion Arrays (ICEARRAY)",
    "R7F9F": "Icelandic Strong-motion Arrays (ICEARRAY)",
    "R7FD0": "Icelandic Strong-motion Arrays (ICEARRAY)",
    "R806B": "Icelandic Strong-motion Arrays (ICEARRAY)",
    "R84DA": "Icelandic Strong-motion Arrays (ICEARRAY)",
    "R888C": "Icelandic Strong-motion Arrays (ICEARRAY)",
    "R8AC0": "Icelandic Strong-motion Arrays (ICEARRAY)",
    "R8E60": "Icelandic Strong-motion Arrays (ICEARRAY)",
    "R94DB": "Icelandic Strong-motion Arrays (ICEARRAY)",
    "R950F": "Icelandic Strong-motion Arrays (ICEARRAY)",
    "RAA3A": "Icelandic Strong-motion Arrays (ICEARRAY)",
    "RACB6": "Icelandic Strong-motion Arrays (ICEARRAY)",
    "RAE69": "Icelandic Strong-motion Arrays (ICEARRAY)",
    "RB391": "RS4D-GNSS test",
    "RB565": "Icelandic Strong-motion Arrays (ICEARRAY)",
    "RB62F": "RS4D-GNSS test",
    "RB86E": "Icelandic Strong-motion Arrays (ICEARRAY)",
    "RBF67": "Icelandic Strong-motion Arrays (ICEARRAY)",
    "RCCC4": "Icelandic Strong-motion Arrays (ICEARRAY)",
    "RCD46": "Icelandic Strong-motion Arrays (ICEARRAY)",
    "RD4E7": "Icelandic Strong-motion Arrays (ICEARRAY)",
    "RD639": "Icelandic Strong-motion Arrays (ICEARRAY)",
    "RDD76": "Icelandic Strong-motion Arrays (ICEARRAY)",
    "RDE68": "Icelandic Strong-motion Arrays (ICEARRAY)",
    "RE32C": "Icelandic Strong-motion Arrays (ICEARRAY)",
    "RF120": "RS4D-GNSS test",
    "RF236": "Icelandic Strong-motion Arrays (ICEARRAY)",
    "RF29F": "Icelandic Strong-motion Arrays (ICEARRAY)",
    "RF47C": "Icelandic Strong-motion Arrays (ICEARRAY)",
    "RF91C": "Icelandic Strong-motion Arrays (ICEARRAY)",
    "RFE09": "Icelandic Strong-motion Arrays (ICEARRAY)"
  },
  "CQ": {
    "AKMS": "Akamas,Cyprus",
    "ALEF": "Alefka (new)",
    "APOL": "The Sanctuary of Apollo Hylates",
    "ASGA": "Asgata,Cyprus",
    "ATHA": "Athalassa,Cyprus",
    "DERY": "Deryneia",
    "LAR1": "Larnaka (Acc)",
    "LEF1": "Lefkosia (Acc)",
    "LEM1": "Lemesos (Acc)",
    "MVOU": "Maurovouni,Cyprus",
    "NATA": "Nata,Cyprus",
    "OSC1": "CSnet OBS 1",
    "OSC2": "CSnet OBS 4",
    "PAF1": "Pafos (Acc)",
    "PAR1": "Paralimni (Acc)",
    "PARA": "Paralimni,Cyprus",
    "SUNI": "Souni,Cyprus",
    "TRD1": "Plateia Troodous (Acc)",
    "TROD": "Troodos",
    "XYLS": "Z"
  },
  "EG": {
    "BUT": "Green_House,EUROSEISTEST,Greece",
    "E02": "Green_House,EUROSEISTEST,Greece",
    "E03": "Green_House,EUROSEISTEST,Greece",
    "GRA": "GreenHouse,EUROSEISTEST,Greece",
    "MMAA": "Museum_Macedonian_Struggle,Thessaloniki,Greece",
    "PRR": "Green_House,EUROSEISTEST,Greece",
    "SHTA": "Scholi_Tiflon,Thessaloniki,Greece",
    "STC": "Stivos Community Building",
    "STE": "Stivos_Church,EUROSEISTEST,Greece",
    "TST": "TestSite,EUROSEISTEST,Greece",
    "W01": "Green_House,EUROSEISTEST,Greece",
    "W02": "Green_House,EUROSEISTEST,Greece",
    "W03": "Green_House,EUROSEISTEST,Greece"
  },
  "HA": {
    "ACOR": "Acrocorinthos,Greece",
    "AIGS": "Aigio",
    "ALIO": "Ano Liosia, Greece",
    "AMPE": "Ampelochori, Viotia, Greece",
    "ANTK": "Antikyra, Boeotia, Greece",
    "ATAL": "Atalanti,Greece",
    "ATHR": "Atheras, Kefalonia",
    "ATHU": "Athens University,Greece",
    "AXAR": "Agios Haralambos,Greece",
    "CORS": "CORSSA, Aigion, Greece",
    "DIDY": "Didyma,Greece",
    "DOMV": "Domvrena,Greece",
    "DRES": "Drepano",
    "EPID": "Epidavros,Greece",
    "EREA": "Eretria,Greece",
    "ERTR": "Eretria, Euboea, Greece",
    "FYLH": "Fyli, Attiki",
    "HAVD": "Havdata, Kefalonia",
    "IOSI": "Ios Island, Greece",
    "KALE": "Kallithea",
    "KARY": "Karystos,Greece",
    "KIAS": "Kiato",
    "LAKA": "Lakka,Greece",
    "LOUT": "Loutraki",
    "LTRS": "Loutraki",
    "MAGU": "Magoula, Attiki",
    "MAKR": "Makrakomi,Greece",
    "MDRA": "Mandra, Attiki",
    "MRKA": "Markates,Greece",
    "MRTH": "Marathonas,Greece",
    "NAFS": "Nafpaktos",
    "PRDM": "Moni Osiou Serafim, Boeotia, Greece",
    "PROD": "Prodromos,Domvrena,Greece",
    "PSAH": "Psachna, Euboea Isl., Greece",
    "SERI": "Serifos Island,Greece",
    "SKIA": "Skiathos Island,Greece",
    "SNT1": "Gialos,Santorini,Greece",
    "SNT5": "Nea Kammeni,Santorini,Greece",
    "STFN": "Stefani, Viotia",
    "THAL": "Thalero,Greece",
    "THIV": "KEPV Thivas, Viotia, Greece",
    "TRIP": "Tripoli,Greece",
    "VILL": "Villia,Greece",
    "WGC0": "Arravonitsa",
    "WGC9": "Argyra",
    "XLKS": "Xylokastro"
  },
  "HC": {
    "ABEA": "1o LYKEIO XANION, Nea Chora, Chania, Crete Is,. Greece",
    "ATEI": "HMU, Chania, Crete Is., Greece",
    "CHAN": "TEI-Chania,Greece",
    "DEYA": "Deyax, Mournies, Chania, Crete Is., Greece",
    "FRMA": "Ferma-Ierapetra,Greece",
    "G0LD": "Chrisopigi ,Chania, Crete Is., Greece",
    "GVDS": "Gavdos Island,Greece",
    "HRKL": "Iraklio-TEI,Greece",
    "IMOD": "Iera Moni Odigitrias, Heraklion, Greece",
    "IPPL": "Tria Monastiria, Rethimno, Crete Is.",
    "KLMT": "TEI-Kalamata,Greece",
    "KNDR": "Paleochora-Chania,Greece",
    "KNSS": "Knossos, Herakleion, Crete Is., Greece",
    "KOSK": "Kos Island,Greece",
    "KOSP": "Kos Island,Greece",
    "KSTL": "Kasteli-Iraklio,Greece",
    "KTHR": "Kythira Island,Greece",
    "KTRS": "Kitries, Messinia, Peloponnese",
    "LENT": "Lentarian, Chania, Crete Is., Greece",
    "MULT": "Pachiana, Chania, Crete Is.",
    "NERO": "Nerokourou, Chania, Crete Is. Greece",
    "PASK": "Pasakaki, Chania, Crete Is., Greece",
    "PERI": "Perivolia, Chania, Crete Is., Greece",
    "PFKS": "Pefkos, Heraklion, Greece",
    "POLY": "High School, Akrotiri, Chania, Crete Is., Greece",
    "PRNS": "Prine-Rethimno,Greece",
    "RODP": "Rodopos-Chania,Greece",
    "SOUD": "Souda Bay, Chania, Crete Is., Greece",
    "STIA": "Sitia,Greece",
    "STPG": "Stavropigio, Messinia, Peloponnese",
    "TEFL": "Tefeli, Heraklion, Crete",
    "THNO": "Tinos Is., Greece",
    "THT2": "Imerovigli, Greece",
    "TMBK": "Timbaki-Iraklio,Greece"
  },
  "HI": {
    "AGN1": "Town Hall, Agios Nikolaos, Lasithi, Crete",
    "AGR2": "Old Hospital, Agrinio, Western Greece",
    "AGR3": "New General Hospital, Agrinio, Western Greece",
    "AGT1": "Agia Thekli, Cephalonia, Ionian Islands",
    "AIA1": "Old Town Hall, Aiani, Kozani, Western Macedonia",
    "AIG2": "General Hospital, Aigio, Achaea, Peloponnese",
    "AKR1": "Town Hall, Akrata, Achaea, Peloponnese",
    "ALX2": "OTE, Alexandroupoli, Evros, Thrace",
    "AOL1": "Town Hall, Olympia, Elis, Peloponnese",
    "ARE2": "Health Center, Areopoli, Laconia, Peloponnese",
    "ARG2": "Prefecture,Argostoli,Cephalonia,Ionian Islands",
    "ARK1": "Social Care, Arkalochori, Heraklion, Crete",
    "ARS1": "Town Hall,Argos,Argolis,Peloponnese",
    "ART2": "Hospital,Arta,Epirus",
    "AST1": "Health Center, Astakos, Aetolia-Acarnania, Western Greece",
    "ATH5": "Greek Parliament,Athens,Attica",
    "CH01": "Prefecture(Technical Services),Chania,Crete",
    "CH02": "Prefecture (Social Care), Chania, Crete",
    "CH03": "Technical University of Crete, Chania, Crete",
    "CHV1": "Chavriata, Cephalonia, Ionian Islands",
    "DRA2": "Hospital,Drama,Eastern Macedonia",
    "FLO2": "KEP, Florina, Western Macedonia",
    "FRS1": "Town Hall, Farsala, Larissa, Thessaly",
    "GOR1": "Town Hall, Gortyna, Heraklion, Crete",
    "GRE3": "Prefecture, Grevena, Western Macedonia",
    "GTH2": "Town Hall, Gytheio, Laconia, Peloponnese",
    "HER1": "Technological Institute, Heraklion, Crete",
    "HER2": "Prefecture, Heraklion, Crete",
    "HER3": "Prefecture (Technical Services), Heraklion, Crete",
    "IGM2": "Harbour, Igoumenitsa, Thesprotia, Epirus",
    "ITC1": "Municipality Technical Services, Vathi, Ithaca, Ionian Islan",
    "ITE1": "Residence, Itea, Phocis, Central Greece",
    "ITS1": "ITSAK, Pylaia, Thessaloniki, Central Macedonia",
    "JAN2": "Prefecture, Ioannina, Epirus",
    "JAN3": "Municipality Technical Services, Ioannina, Epirus",
    "KAC1": "Health Center, Kato Achaea, Achaea, Peloponnese",
    "KAL3": "Marina, Kalamata, Messenia, Peloponnese",
    "KAR2": "Prefecture Technical Services, Karditsa, Thessaly",
    "KAS2": "Hospital, Kastoria, Western Macedonia",
    "KIF1": "Town Hall, Kifisia, Attica",
    "KIS1": "Town Hall, Kissamos, Chania, Crete",
    "KLR1": "Town Hall, Kalamaria, Thessaloniki, Central Macedonia",
    "KLV1": "Health-Center,Kalavryta,Achaea,Peloponnese",
    "KMT1": "Town Hall, Komotini, Rhodope, Thrace",
    "KMV1": "Town Hall, Kammena Vourla, Fthiotis, Central Greece",
    "KNS1": "Town Hall, Konitsa, Ioannina, Epirus",
    "KOR2": "General Hospital, Corinth, Corinthia, Peloponnese",
    "KOS2": "Town Hall, Kos, Kos, South Aegean",
    "KOZ2": "Prefecture Conference Hall, Kozani, Western Macedonia",
    "KRI1": "Town-Hall,Keri,Zakynthos,Ionian Islands",
    "KRK1": "Prefecture,Veterinary,Corfu,Ionian Islands",
    "KRL1": "Aegean-University,Karlovasi,Samos,North Aegean",
    "KSS1": "KEP,Kasos,Kasos Island",
    "KTL1": "Health Center, Kasteli, Heraklion, Crete",
    "KYM1": "Town Hall, Kymi, Euboea, Central Greece",
    "KYP2": "Hospital, Kyparissia, Messenia, Peloponnese",
    "LAM2": "Antiperifereia,Lamia,Fthiotis,Central Greece",
    "LAR4": "Hospital, Larissa, Thessaly",
    "LAR5": "TEE, Larissa, Thessaly",
    "LEF2": "Prefecture, Lefkada, Lefkas, Ionian Islands",
    "LEO1": "Health Center, Leonidio, Arcadia, Peloponnese",
    "LMN1": "TownHall,Myrina,Limnos Island",
    "LMS2": "TownHall,Laimos,Florina,Western Macedonia",
    "LXR1": "Town Hall, Lixouri, Cephalonia, Ionian Islands",
    "LXR2": "2nd Elementary School, Lixouri, Cephalonia, Ionian Islands",
    "MGP1": "Town Hall, Megalopoli, Arcadia, Peloponnese",
    "MOS1": "Town Hall, Moschato, Piraeus, Attica",
    "MSL1": "Prefecture,Mesologgi,Western Greece",
    "MYT1": "Aegean University,Mytilene,Lesvos Island",
    "NAX1": "TownHall,Naxos,Naxos Island",
    "NMA1": "Town Hall, Nemea, Corinthia, Peloponnese",
    "NPS1": "Health Center, Neapoli, Laconia, Peloponnese",
    "PAT4": "Agios Andreas Hospital, Patras, Achaea, Peloponnese",
    "PAT5": "University Hospital, Rio, Achaea, Peloponnese",
    "PER1": "Town Hall (Xylotechnia), Peristeri, Attica, Attica",
    "PET1": "KEP, Petalidi, Messenia, Peloponnese",
    "PIR1": "Municipal Police, Piraeus, Attica",
    "PIR2": "Town Hall (Environment Agency), Piraeus, Attica",
    "PIR3": "Town Hall (Technical Services), Piraeus, Attica",
    "PLA1": "Cosmos Offices, Pylaia, Thessaloniki, Central Macedonia",
    "PLC1": "Town Hall (Conference Hall), Palaiochora, Chania, Crete",
    "PLM1": "KEP, Plomari, Lesvos, North Aegean",
    "PLN1": "TownHall,Chaniotis,Chalkidiki,Central Macedonia",
    "PLR1": "Seismological Station, Paliouri, Chalkidiki, Central Macedon",
    "PRE2": "Town Hall, Preveza, Epirus",
    "PRF2": "Prefecture, Thessaloniki, Central Macedonia",
    "PTO1": "Town Hall, Ptolemaida, Kozani, Western Macedonia",
    "PYL1": "Town Hall, Pylos, Messenia, Peloponnese",
    "PYR2": "Forestry, Pyrgos, Elis, Peloponnese",
    "PYR3": "Residence, Pyrgos, Elis, Peloponnese",
    "RDI1": "TownHall,Rhodes,Rhodes Island",
    "RGE1": "TownHall,Gennadi,Rhodes Island",
    "RKL1": "Town Hall, Kalythies, Rhodes, South Aegean",
    "RKT1": "Town Hall, Kattavia, Rhodes, South Aegean",
    "RLN1": "Town Hall, Lindos, Rhodes, South Aegean",
    "RPN1": "Old Hospital, Rhodes, Rhodes, South Aegean",
    "RSO1": "Town Hall, Soroni, Rhodes, South Aegean",
    "RTH1": "General Hospital, Rethymno, Rethymno, Crete",
    "SEIS": "Seismological Station, Thessaloniki, Central Macedonia",
    "SFIR": "Seismological Station, Santorini, South Aegean",
    "SFK1": "KEP, Imbros, Chania, Crete",
    "SFK2": "Health Center, Vouvas, Chania, Crete",
    "SFL1": "HealthCenter,Soufli,Evros,Thrace",
    "SFR2": "Conference Center IMPIS, Santorini, South Aegean",
    "SGR1": "Natural History Museum, Sigri, Lesvos, North Aegean",
    "SIA1": "KEP, Siatista, Kozani, Western Macedonia",
    "SIT2": "TownHall,Siteia,Lasithi,Crete",
    "SKO1": "TownHall,Skopelos,Skopelos Island",
    "SKY1": "TownHall,Skyros,Skyros Island",
    "SPP1": "Health Center, Sappes, Rhodope, Thrace",
    "STL1": "Town Hall, Stavroupolis, Thessaloniki, Central Macedonia",
    "THS1": "HealthCenter,Prinos,Thasos Island",
    "THV2": "Town Hall, Thiva, Boeotia, Central Greece",
    "TRP1": "Hospital, Tripoli, Arcadia, Peloponnese",
    "VAS2": "HealthCenter,Vassiliki,Lefkas Island",
    "VOL2": "Prefecture,Volos,Magnesia,Thessaly",
    "VOL3": "Town Hall, Nea Ionia, Magnesia, Thessaly",
    "VRO1": "TownHall,Vrontados,Chios Island",
    "VSK1": "KEP, Vassilikiades, Cephalonia, Ionian Islands",
    "XAN2": "Democritus University of Thrace, Xanthi, Thrace",
    "ZAK2": "OTE, Zakynthos, Ionian Islands"
  },
  "HL": {
    "ACHA": "Acharnes, Attiki, Greece",
    "AGNA": "Agios Nikolaos, Greece",
    "AGXA": "Nea Anchialos, Greece",
    "AIDA": "Aidipsos, Evoia Island, Greece",
    "AIGN": "Aigina",
    "ALNA": "Alonnisos Island, Greece",
    "ALXA": "Alexandroupolis, Greece",
    "AMGA": "Amorgos Island,Greece",
    "AMYA": "Amyntaion, Greece",
    "ANAF": "Anafi Island, Greece",
    "ANDM": "Andravida,Greece",
    "ANKY": "Antikythira Island, Greece",
    "APE": "NOA/GEOFON Apeiranthos,Naxos,Greece",
    "ARG": "Archaggelos, Rhodes, Greece",
    "ARGA": "Argostoli, Kefalonia, Greece",
    "ARIA": "Rio,Greece",
    "ARTB": "Arta, Greece",
    "ASP": "Asprokampos,Loutraki,Greece",
    "ASTA": "Astypalea,Astypalea Island,Greece",
    "ATH": "Athens,Greece",
    "ATHP": "N.Psichiko,Attiki,Greece",
    "CHNB": "Souda, Chania, Greece",
    "CLEM": "Chlemoutsi,Ilia",
    "COR": "Corinthos,Greece",
    "CRE1": "Moni Agkarathou, Crete, Greece",
    "CRE2": "Iera Moni Agiou Gewrgiou Epanosifi, Crete, Greece",
    "CRE3": "Garipa, Crete, Greece",
    "CRE4": "Nipiditos, Crete, Greece",
    "DION": "Dionisos, Attiki, Greece",
    "DLFA": "Delfoi, Greece",
    "DRPA": "Drapetsona, Attica, Greece",
    "EAG1": "Polichnitos,Lesvos,Greece",
    "EAG2": "Marmaro,Chios,Greece",
    "EAG3": "Mitilini,Lesvos,Greece",
    "EFSA": "Agios Efstratios Island, Greece",
    "ELAT": "Elateia, Greece",
    "ELFA": "Elefsina, Attica, Greece",
    "ELIN": "EllIniko Corinthias, Greece",
    "EVR": "Karpenissi,Evritania,Greece",
    "GINA": "Giannouli,Larissa,Greece",
    "GVD": "NOA/GEOFON Gavdos,Greece",
    "HERA": "Hraion-Loutraki,Greece",
    "HERG": "Gazi, Herakleio, Greece",
    "IACM": "Irakleio, Crete, Greece",
    "IDI": "Anogia-Crete,Greece",
    "IKRA": "Ag.Kyrikos,Ikaria Island,Greece",
    "IMAN": "Iera Monh Agiou Nikolaou tou Neou Kampiwn, Greece",
    "IMMV": "NOA/GEOFON Iera Moni Varipetrou,Greece",
    "ITM": "Ithomi,Messinia,Greece",
    "JAN": "Ioannina, Greece",
    "KARA": "Karystos, Greece",
    "KARP": "NOA/RUB/GEOFON Karpathos,Greece",
    "KASA": "Kassiopi, Kerkyra Island, Greece",
    "KEF3": "Kipouria,Kephalonia,Greece",
    "KEF4": "Livadi,Kephalonia,Greece",
    "KEF5": "Karkadata,Kephalonia,Greece",
    "KEK": "Corfu,Greece",
    "KIAA": "Kiato, Greece",
    "KLNA": "Pothia,Kalymnos Island,Greece",
    "KLV": "Kalavrita, Achaia, Greece",
    "KOMA": "Komotini, Greece",
    "KOSD": "Kefalos,Kos,Greece",
    "KRES": "Krestena,Greece",
    "KRPA": "Karpathos Island, Greece",
    "KRYO": "Kryoneri, Korinthia, Greece",
    "KSL": "Kastelorizo Island, Greece",
    "KSTE": "Kastelli, Crete, Greece",
    "KTHA": "NOA/GEOFON Kythira,Greece",
    "KURT": "Ano Kourtesi,Ilia",
    "KVLA": "Kavala, Greece",
    "KYMI": "Kymi, Euboea Island",
    "KYPS": "Kipseli,Zakinthos",
    "KZN": "Kozani,Greece",
    "LALA": "Lalas, Peloponisos, Greece",
    "LARA": "Larissa, Greece",
    "LAST": "Lasithi,Crete,Greece",
    "LCHA": "Xanthi, Greece",
    "LESV1": "Kapi, Lesvos, Greece",
    "LESV2": "Molivos, Lesvos, Greece",
    "LIA": "Limnos,Greece",
    "LKR": "Atalanti, Lokrida, Greece",
    "LVRA": "Lavrio, Attiki, Greece",
    "LXRA": "Lixouri,Kefalonia Island,Greece",
    "MET1": "Methana Gipedo",
    "MET2": "Kameni Chora,Methana,Greece",
    "MET3": "Anw Fanari,Methana,Greece",
    "MET4": "Agioi Theodoroi,Methana,Greece",
    "MET5": "Makryloggos,Methana,Greece",
    "MET6": "Megalochori,Methana,Greece",
    "MGNA": "Meganisi, Lefkada Island, Greece",
    "MHLA": "Plaka, Milos Island, Greece",
    "MHLO": "Milos Island, Greece",
    "MIL7": "Milos Isl., Borehole M2",
    "MILA": "Milos Island, Greece",
    "MNVA": "Monemvasia, Greece",
    "MRTH": "Marathopoli, Peloponnisos, Greece",
    "MSVA": "Metsovo, Greece",
    "MTHA": "Methoni Messinias, Greece",
    "NASA": "Naousa, Greece",
    "NEO": "Neochori, Magnisia, Greece",
    "NGRA": "Nigrita, Greece",
    "NISR": "Mandraki,Nisyros,Greece",
    "NISR2": "Nikia,Nisyros,Greece",
    "NOAC": "NOA-Athens,Greece",
    "NPLA": "Nafplio, Greece",
    "NPS": "Neapoli, Crete, Greece",
    "NVR": "Nevrokopi, Greece",
    "OINA": "OINA,4973",
    "OREA": "Oraiokastro, Thessaloniki, Greece",
    "ORTH": "Orthonies, Zakynthos",
    "OTHN": "Othonoi, Greece",
    "PARN1": "Fyli,Attica,Greece",
    "PARN2": "Moni Osiou Meletiou,Attica,Greece",
    "PARN3": "Mandra,Attica,Greece",
    "PATC": "Patra,Greece",
    "PATG": "Patra,Greece",
    "PENT": "Pentalofos, Kozani, Greece",
    "PLG": "Poligiros,Chalkidiki,Greece",
    "PRAS": "Prasinada,Drama",
    "PRGA": "Parga, Greece",
    "PRK": "Agia Paraskevi, Lesvos, Greece",
    "PSRA": "Psara Island, Greece",
    "PTL": "Penteli, Attiki, Greece",
    "PYL1": "Pylos Array,SW corner,Greece",
    "PYL2": "Pylos Array,SE corner,Greece",
    "PYL3": "Pylos Array,NE corner,Greece",
    "PYL4": "Pylos Array,N corner,Greece",
    "PYL5": "Pylos Array,Central W,Greece",
    "PYL6": "Pylos Array,Central W,Greece",
    "PYL7": "Pylos Array,E,Greece",
    "PYL8": "Pylos Array,W,Greece",
    "PYL9": "Pylos Array,W,Greece",
    "PYLO": "HCMR OBS, Pylos, Greece",
    "RDO": "Gratini, Thrace, Greece",
    "RIOA": "Rio,Greece",
    "RLS": "Riolos,Achaia,Greece",
    "RODB": "Rodos,Rodos Island,Greece",
    "RTHF": "Limani Rethymnou, Greece",
    "RTHG": "Rethymno, Fortezza, Greece",
    "SAM1": "Iera Moni Zoodochou Pigis, Vathi, Samos, Greece",
    "SAM2": "Drakei,Samos,Greece",
    "SANT": "NOA/GEOFON Santorini,Greece",
    "SAP3": "Thirasia, Santorini, Greece",
    "SAP4": "Oia, Santorini, Greece",
    "SIVA": "Sivas,Crete,Greece",
    "SKY": "Skyros Island, Greece",
    "SMG": "Samos Island, Greece",
    "SMHA": "Sami, Kefalonia Island, Greece",
    "SMTH": "Samothraki Island, Greece",
    "SOFA": "Sofades,Karditsa,Greece",
    "STRF": "Strofades, Greece",
    "TETR": "Tetrakomo,Epirus,Greece",
    "THERA": "NOA/GEOFON Santorini,Greece",
    "THI1": "Ipato,Theva, Greece",
    "THI2": "Moni Theologou Mazaraki,Theva, Greece",
    "THL": "Klokotos, Thessalia, Greece",
    "THRA": "Thera,Santorini,Greece",
    "THSA": "Thasos Island, Greece",
    "THVA": "Theva",
    "THVC": "THVC,4980",
    "TITH": "Tithorea, Greece",
    "TNSA": "Tinos Island, Greece",
    "TRGA": "Dikaia, Evros, Greece",
    "TRKA": "Trikala,Greece",
    "VAM": "Vamos,Crete,Greece",
    "VASL": "Vassilika, Evia Island, Greece",
    "VELA": "Velos,Corinth",
    "VERA": "Vergina, Greece",
    "VLI": "Vellies, Lakonia, Greece",
    "VLMS": "Volimes,Zakinthos",
    "VLS": "Valsamata, Kefalonia Island, Greece",
    "VLY": "Voula, Attiki, Greece",
    "XANC": "Xanthi, Greece",
    "YDRA": "Ydra Island, Greece",
    "ZARA": "Zacharo, Greece",
    "ZKR": "NOA/GEOFON Zakros,Greece"
  },
  "HP": {
    "AAMF": "Ano Amfeia, Mesinia",
    "AMPL": "Ampelaki",
    "AMT": "Artemida,Greece",
    "ANX": "UPSL/NOA AnoXora,Greece",
    "AXS": "ARAXOS",
    "DID": "Didima,Greece",
    "DRO": "DROSIA",
    "DSF": "DESFINA",
    "EFP": "Efpalio,Greece",
    "FSK": "Fiskardo,Kefalonia Island,Greece",
    "GUR": "Gura,Greece",
    "KANL": "KaliviaAnalipseos",
    "KSTR": "Kastri-Kanalaki",
    "LTHK": "Lithakia,Zakinthos",
    "LTK": "Loutraki",
    "PDO": "Prodromos,Greece",
    "PLEV": "Plevron-Mesologi",
    "PRMD": "Pramanta",
    "PVO": "Paravola,Aitoloakarnania",
    "PYL": "Pylos,Greece",
    "SERG": "Sergoula,Greece",
    "UPR": "University of Patras,Greece",
    "VALY": "Valyra, Messinia",
    "VLX": "VLAXOKERASIA",
    "VRKS": "Verdikousa",
    "VVK": "Vomvokou"
  },
  "HT": {
    "ACHL": "Achilleion, Magnesia, Greece",
    "AGG": "Agios Georgios, Greece",
    "AKRO": "Akrotiri Santorinis, Greece",
    "ALN": "Alexandroupolis, Greece",
    "AMPK": "Ampeliko, Lesvos, Greece",
    "ANYD": "Anydros, Amorgos, Greece",
    "AOS": "Alonnisos, Greece",
    "AOS2": "Alonissos-2",
    "CHOS": "Chios island, Greece",
    "CHRI": "Christiana, Santorini",
    "CMBO": "Columbo, Santorini Isl., Greece",
    "DMLN": "Damoulianata-Kefalonia-Greece, Greece",
    "DRAG": "Dragano-Lefkada, Greece",
    "EVGI": "Lefkada island, Greece",
    "FLNA": "Florina, UoWM, Greece",
    "FNA": "Florina, Greece",
    "FNA1": "PAEK, Florina, Greece",
    "FNA2": "Kato Kleines, Florina, Greece",
    "FNA3": "Meliti, Florina, Greece",
    "FNA4": "Neo Chorio, Florina, Greece",
    "FNA5": "Ydroussa, Florina, Greece",
    "GRG": "Griva, Greece",
    "GVRL": "Gavrilos Hill, Santorini, Greece",
    "HMT1": "Karyes, Mount Athos, Greece",
    "HORT": "Hortiatis, Greece",
    "IGT": "Igoumenitsa, Greece",
    "ITHC": "Exogi, Ithaca, Greece",
    "KAVA": "Kavala, Greece",
    "KNT": "Kendrikon, Greece",
    "KOKK": "Kokkinochori, Kavala, Greece",
    "KPRO": "Kipourio, Greece",
    "KRND": "KRANIDI, Greece",
    "LES3": "Lafionas (Lesvos), Greece",
    "LFKM": "Lefkimmi, Greece",
    "LIT": "Litokhoron, Greece",
    "LKD": "Levkas, Greece",
    "LKD2": "Lefkada island, Greece",
    "LRSO": "Larissa Observatory, Greece",
    "NESN": "Nesson, Greece",
    "NEST": "Nestorio, Greece",
    "NIS1": "Nisyros Isl., Greece",
    "NYDR": "Nydri-Lefkada, Greece",
    "OUR": "Ouranopolis, Greece",
    "PAIG": "Paliouri, Greece",
    "PSDA": "Pessada-Kefalonia, Greece",
    "RTZL": "Ratzakli, Kefalonia",
    "SIGR": "SIGRI, Greece",
    "SOH": "Sohos, Greece",
    "SRS": "Serrai, Greece",
    "STRF": "Strofades island, Greece",
    "THAS": "Thassos island, Greece",
    "THE": "Thessaloniki, Greece",
    "THR1": "Thera Island, Greece",
    "THR2": "Thira island, Vourvoulos, Greece",
    "THR3": "Thira Island, Nea Kammeni, Greece",
    "THR4": "Thira Island, Oia, Greece",
    "THR5": "Thira Island, Kera, Greece",
    "THR6": "Thira Island, Akrotiri, Greece",
    "THR7": "Fira-Santorini, Greece",
    "THR8": "Santorini-Monolithos, Greece",
    "THR9": "Santorini-Faros Akrotiriou, Greece",
    "THT1": "Athinios (Pelekanos), Greece",
    "THT2": "Imerovigli, Greece",
    "TSLK": "Tsoukalades, Lefkada island, Greece",
    "TYR1": "Damasouli - Tyrnavos, Greece",
    "TYR2": "Zarko, Greece",
    "TYR2A": "Zarko new site, Greece",
    "TYR3": "Mesochori, Greece",
    "TYR4": "Domeniko, Greece",
    "TYR5": "Evagelismos",
    "TYR6": "Megalo Eleftherochori, Greece",
    "TYRN": "Tyrnavos, Greece",
    "XOR": "Xorichti, Greece"
  },
  "KF": {
    "CKWP": "Reference station installed on the adjacent limestone at a d"
  },
  "MA": {
    "DBR": "Debar",
    "KPL": "Kriva Palanka - Monastery Sv. Joakim Osogovski",
    "OHR": "Ohrid",
    "PEH": "Pehchevo",
    "ZLT": "Zletovica - Brana Knezevo"
  },
  "ME": {
    "BARME": "Bar Sm Guralp",
    "CEME": "Ceme,Montenegro",
    "CEVME": "CEVO SM Guralp",
    "DAGME": "Danilovgrad SM Guralp",
    "KOLME": "Kolasin",
    "KOME": "Kolasin,Montenegro"
  },
  "X5": {
    "APTR": "AgiosPetros,Greece",
    "ATHN": "Athani,Greece",
    "SIVR": "Sivros,Greece",
    "VSLK": "Vasiliki,Greece",
    "VVIO": "Viologikoskatharismos,Greece",
    "XORT": "Xortata,Greece"
  },
  "YB": {
    "AGR": "Grammatikou Trixonida",
    "AVO": "Nea Avorani Trixonida",
    "GAV": "Gavalou Trixonida",
    "MAK": "Makryneia Trixonida",
    "MRT": "Myrtia Trixonida",
    "PAR": "Paravola Trixonida",
    "PET": "Petroxori Trixonida",
    "ZGR": "Zevgaraki Trixonida"
  }
}
